user_id,user_name,windows,mse,std_mse,mae,std_mae,nmse,std_nmse,nmae,std_nmae,mase,std_mase
0,0,51,206.75507320259132,465.954610730763,6.337926615686977,8.803398501084207,1.506491675132922,3.008536817399753,0.545644171389879,0.4561827009694549,1.2234811403003394,1.2504815039499646
1,1,51,249.72728292614806,488.67472817051583,7.468876848033831,7.747991320431092,0.40988466286045666,0.7813943493987744,0.3231247251524645,0.26994153811975624,0.8163970925059973,0.6563336511817398
2,2,51,1932.6792002486268,8795.231260238397,8.226218159246605,33.91207815199789,0.5362168618754082,0.7554785202717644,0.29170500045167463,0.2953761513803309,0.7643561680965564,0.8507307743168815
3,3,51,2120.9387530158547,1513.5731993136167,33.33058312359978,11.090025324696743,0.13472377231308058,0.10257011711139004,0.26468122239206354,0.08411199959978273,0.6404981776779773,0.1924715159870135
4,4,51,800.4271225274778,634.6582828748892,20.9322411219279,8.477052254967044,0.3419846220343721,0.3868853158142692,0.4219411380735098,0.20333731678603106,1.0203524494872374,0.4953912796218249
5,5,51,5563.227043600644,3799.963516118244,54.1410436817244,18.61190721874455,0.12751870960289358,0.09216381891802544,0.2604832617091198,0.07902466502613326,0.6246483986284218,0.17507937275217733
6,8,51,2429.238725372389,2821.0231678308587,30.306956597402984,16.763732779757305,0.4996524711742121,0.5731808480432607,0.4339205104784638,0.24104508952616996,0.8872000807348419,0.4984961147231513
7,9,51,4496.400498932483,3407.7853039742267,43.06324160332773,19.48446839642357,0.6227541917971536,0.5756826186106947,0.4996758699417114,0.22497957228156104,1.3322155960634643,0.6609429498961261
8,10,51,299.3639103758569,189.3503816684867,12.904580050823736,4.080342981773482,0.20378323571354734,0.12420549432712298,0.3356250515755485,0.09717244949659234,0.7438242938004288,0.20300098554088933
9,11,51,2042.9665617101332,3722.3297192623604,27.804926311268527,16.66372886766755,0.11246737050732561,0.21831107921299117,0.1933159592981432,0.14164916495992966,0.6838298457510331,0.4784039571234479
10,12,51,782.494576398064,1175.6507926027691,16.63482271456251,10.844243697857639,0.2514864554007848,0.5075928355448138,0.29221124640282464,0.19520548407459332,1.0303760369618733,0.677162642743259
11,13,51,265.79882939656574,318.8334191783003,11.224824933444753,6.1467355336312215,0.15021456993531948,0.1490277679377505,0.27669401437628505,0.13332157163497096,0.6794771569616654,0.34843882046845703
12,14,51,231.7583797305238,131.46701627695333,11.05587208037283,2.918015369347277,0.10167135245294548,0.067619803747901,0.23035659940511571,0.06328475469485367,0.5653434346119562,0.1469192719840756
13,15,51,16301.67715992647,17235.33248105649,90.65597997927198,43.25309025966923,0.19975431635975838,0.3024428832661239,0.30461298835043815,0.1833577990056258,0.7958854524528279,0.47818172270356174
14,16,51,20.74208849551631,14.534923737839321,3.274960305176529,1.1427551444785133,0.2719050514347413,0.19472275796066704,0.37515395266168255,0.12843870337644928,0.7601619520608116,0.2580711287421832
15,17,51,641.6418522853477,587.9695373216567,18.805443015753053,7.365778299216144,0.4974799793140561,0.6543633572940344,0.5115308995340385,0.23513009878372385,1.1191326262904149,0.5004831349652962
16,18,51,3776.792783250996,4043.85727108125,43.23739021899653,19.175989075532407,0.11960224003768434,0.11507818197088344,0.24534102602332247,0.09983934395338397,0.6454565986698749,0.28559283023967724
17,19,51,564.3638007968079,926.9832674003588,13.843819580826105,8.56272766602829,0.4809925902415724,1.669781467395268,0.33180814543191123,0.35754820104568547,0.7389645687505311,0.6669087061666572
18,20,51,37.784648203382304,22.959054239320306,4.527735761567658,1.2553269558308564,0.17098071601460962,0.10438909536444307,0.305830408837281,0.0830358318800014,0.6075520462849561,0.16700231426102385
19,21,51,10748.120615042892,7463.442017881965,75.90690620272767,26.160962371049052,0.16135086477095006,0.11816599586744567,0.29436154342165183,0.09957336238105094,0.6288177201560899,0.20865189984184554
20,22,51,122.0262695013308,89.7105524950961,7.755594496633492,2.5947679157806802,0.14962409801927268,0.10044579469359247,0.2711271491705203,0.07962779656982598,0.663942929576425,0.16840529899618006
21,23,51,116.66229023652919,113.12771803441863,7.69336732228597,3.1676810420870902,0.19601593210416682,0.19223874089269075,0.3162700916622199,0.12710843050250933,0.7725735709947699,0.3091661720932285
22,24,51,923.7454789105584,777.1363736182252,21.611532360899684,8.72057088182553,0.18147467416437232,0.17140795580057644,0.30190669306937384,0.12222408547312702,0.8177143972294003,0.3219247563111362
23,25,51,4207.839649125642,9592.899107797222,29.503956757339775,39.87086985508209,2.0625314149622094,12.77689926248072,0.3981739784426549,1.2243559686632226,1.7335525441403483,3.065317709795085
24,26,51,1239.389725629021,824.4601299915656,25.662654409221574,8.382457180635956,0.16986344148423158,0.1267066944198236,0.2991853782943651,0.09701073465025756,0.6712206701437632,0.22603105085899694
25,27,51,87.49643925124523,226.52796735772128,5.787879415586883,4.868378048580005,0.3014010334131764,0.6451400665673999,0.3582686384518941,0.25523322635986534,0.9191259391167584,0.7596398947197616
26,28,51,3582.5133421654796,2442.519664657654,40.416147082459695,15.131677528857145,0.30237426521147,0.24308031606932937,0.36378012889740513,0.14253297841426946,0.6951432859196383,0.2511230034735909
27,29,51,1952.0055151546703,2348.9062968524813,28.45392100951251,16.828370574191187,0.2913588047776298,0.7786190061257323,0.3081841906350033,0.2681391072832352,1.1118845136142244,0.8445894488084115
28,30,51,4359.602338005515,7905.807688076656,41.30715370178223,33.79707864707835,0.2512741843421085,0.40721069808432736,0.33330588919274945,0.22277286173580033,0.8673226938528174,0.6836762810030149
29,31,51,1609.9175798004749,1837.847488145918,28.142486890157063,12.111858223031707,0.156517887926277,0.21782279272844288,0.269743426173341,0.13599405190119643,0.6950749994492998,0.3487590955813246
30,32,51,2677.3811723297717,2677.1421447814682,34.934960421393896,19.37534519309704,0.1397075306843309,0.0948765021652207,0.27006833518252654,0.0897292664996212,0.6040048353812274,0.18361506966692895
31,33,51,348.88432790718826,232.86015813533052,13.785828422097598,4.287318218511481,0.1933357467254003,0.10650202678907404,0.3273289431543911,0.09097211040540548,0.7401158429828345,0.23044469987449176
32,34,51,176374.77719056373,111204.12893793866,304.6707440544577,84.59414322915435,0.1333179631653954,0.10650112526132488,0.26206959608723135,0.08243943670245502,0.6214462033673829,0.1801297917263813
33,35,51,172.0037170858944,116.26591377670076,9.38899377748078,3.1445300568497108,0.1352117341376987,0.087351316902637,0.26414743708629235,0.07908620416731203,0.6153547010001015,0.17143196094194676
34,36,51,8022.185647403493,19550.290033973466,46.19377405503217,50.08245603946329,0.4417050390084292,2.0185787736134038,0.28600478815097435,0.49150998328400275,1.2353949406567741,1.7919101780588897
35,37,51,4421.441710229014,3642.604841369705,47.776858385871435,15.503299000996495,0.2231941521167755,0.11466869476197494,0.3503357604438183,0.07533906446173813,0.6689642907357684,0.1664053507852553
36,38,51,203.32669905120252,178.15399436495508,9.996727363736023,3.672785732909079,0.19823256025419517,0.18524057354780538,0.3097215362039267,0.12182978277348716,0.6911260643426109,0.2572631523388094
37,39,51,69.36336004967784,74.65158015961627,6.083895725362441,2.9339078497062823,0.28442805158156975,0.3711736185942202,0.38410454725517945,0.2031525384758976,0.8222653620383319,0.38701668791548693
38,40,51,105430.52772671569,76852.90041316385,236.46291291479972,73.32073108867111,0.12757096172986077,0.12428510242109617,0.2535497284695214,0.09848565837740826,0.6218501019711588,0.2313505305768127
39,41,51,5449.153128829656,3606.25385132369,52.89441149842505,15.58007326810681,0.1276812779844976,0.10033636184253218,0.25364431359019934,0.07667024558003818,0.6479602789177614,0.21670378100022045
40,42,51,968.3287269741882,1291.3878443675496,22.412741642372282,10.790613636475657,0.2756630933167888,0.31151558410511687,0.384168792589038,0.1671791190053443,0.7910166803528281,0.3586577572631104
41,43,51,200.16768915512984,116.3379587054748,10.71648614546832,3.2744157903025597,0.18345545553693585,0.10591211471316617,0.32519757893739965,0.09117464264749174,0.6704167478224811,0.20612565346854247
42,44,51,854.5497610054764,525.8542619711054,21.166798105426864,6.479831572301137,0.08790861822518647,0.06200590967317291,0.21150729702968224,0.06046540777220024,0.47456631590338316,0.13111066029398974
43,45,51,341.69314664952896,208.46034857086417,13.813916580349792,4.21525043165941,0.087323070156808,0.06032863508138448,0.21986327334946276,0.07066409628819607,0.5484241428328496,0.17448022448921902
44,46,51,167.9948481017468,271.62401863935105,8.38140529277278,5.600007394647012,0.27051574283955143,0.46384446962238235,0.33738788115043267,0.22003342027550812,0.8622174765549454,0.7401322468607887
45,47,51,135.37309302535712,72.02697933793087,8.630085000804826,2.1485622984513815,0.07853386101915556,0.04560292148447777,0.207866026782522,0.0556639720097119,0.46158062768917457,0.11448918393582372
46,48,51,514.1257909512988,1059.1286197236134,14.679997888265872,11.541166008832008,0.22625824662984587,0.45725389740762307,0.3104067973646463,0.23960252959896083,0.7309170943849227,0.544393606680292
47,49,51,1459.8599781709559,804.7987030160172,28.377553790223363,7.987450492108309,0.12943839632412968,0.0798394172571959,0.26612212669615654,0.07561496583047389,0.6260516918173024,0.16006717895492023
48,50,51,4733.426688399969,2894.83698700436,49.551194546269436,15.959836786902736,0.45025265056128594,0.2881938024325993,0.48266557940081056,0.1609468958307982,1.0534934378137775,0.3665568479573809
49,51,51,112.34015625598384,79.39483368368458,8.012723286946615,2.7007508050623756,0.2103866008566875,0.15131956066382163,0.3462880391116236,0.11828801945186307,0.7633448243141174,0.21683396169856586
50,52,51,1369.6317862716376,871.0765041635419,27.782911113664216,8.5523533861985,0.2207204516173578,0.13072526271574353,0.3544356203546711,0.10881052952339706,0.836577400857327,0.24793669292931
51,53,51,512.6501378078086,336.5607553519698,17.010167570675122,5.461346517622205,0.19546136574125758,0.15726645745069281,0.32955434187954546,0.12882398844275747,0.7847151060899099,0.24528400853418464
52,54,51,132.39726444319183,110.66345060561953,8.336616927502202,3.4459545239784255,0.11904658136122367,0.08683125210677703,0.25418045707777437,0.09430843957000574,0.6449835656904707,0.2286986592937416
53,55,51,477443.53707107843,622195.7114751146,475.90439112046187,292.0130037401814,0.2695806435510224,0.5469497776825151,0.3343555988634334,0.27277135142077763,0.788250092197867,0.5894810243464222
54,56,51,1011.4432049919577,732.4565215598628,23.320991403916302,8.256814262829906,0.2274201839577918,0.19744309849527122,0.3446198015236387,0.13202728953478848,0.8201339823358199,0.31667876874527284
55,58,51,9057.83169854856,8533.582317264834,69.98173537908816,26.974221040990688,0.1549975853778568,0.1079850879034877,0.293630942994473,0.09533930265060134,0.6186279000020495,0.19201754696995832
56,60,51,4439.348118202359,3944.3468751141645,47.53256023631376,17.387933413728955,0.2146424882698293,0.17487393665923479,0.3342941534869811,0.11475352264754221,0.6869713330970091,0.2382998753886052
57,61,51,229.48446857227998,122.52813555315426,11.263442675272623,3.1892289012036708,0.1431231733922865,0.07898574072304973,0.2836401596957562,0.08333816283749318,0.7069456957134546,0.19725680858328426
58,62,51,194.4590233447505,111.51760223707046,10.368392112208348,3.0820102529822093,0.06935236584760394,0.034865330395848895,0.19800361128998736,0.05135565898815074,0.4896456517425238,0.12323578913791589
59,63,51,1134.2548510981542,793.1406209021928,25.377594499027026,8.420581413428309,0.1477221300204595,0.11677439328501585,0.28880400254445915,0.10013913461186966,0.7124858755691379,0.24686516886989165
60,64,51,943.2228160184973,1721.182414049557,19.91416181302538,15.186297841710115,0.14106677801293485,0.25424065091799664,0.2532768243668126,0.18214042134421413,0.555523103943058,0.42446634464264377
61,65,51,817.9100219128179,542.1419230779588,20.904336106543447,6.537187301725342,0.13487162557887097,0.09732429613648239,0.2680607528663149,0.08466530503438724,0.6395971290036744,0.1882010315273252
62,66,51,323.1196417715035,259.03463104653287,12.737644532147575,3.9600075416326255,0.19743087778196616,0.22743286522828707,0.3066159077719146,0.10565838129385827,0.6907935820373834,0.22105016503930383
63,67,51,551.2469700831992,362.99137245329723,17.2729255919363,5.908184539461771,0.15159698922698403,0.0921932429859218,0.2888212951959348,0.09225063152731913,0.7193550783045152,0.22790680395189056
64,68,51,582.0862038556268,561.0204859302701,16.2718254070656,6.937265690705727,0.24668985265581048,0.3277694746033386,0.3156171777084762,0.17842776405455996,0.8578436269479639,0.43264957066540677
65,69,51,201.03055101282456,168.48573606182006,10.323120098488003,4.0736252247024325,0.2455900979100489,0.2932359464256252,0.3503203751409755,0.17349245483464143,0.689449643387514,0.2864076341405767
66,70,51,906.037083046109,2180.807115469988,17.1345285060359,18.958904933399808,0.4688740315682748,1.4025752230159727,0.40719370427084906,0.4458959864776771,0.9880470528322107,1.085560674157685
67,71,51,106.14989407857259,86.00521213344662,7.419446725471347,2.759718219918957,0.2009485381491044,0.1451315878697143,0.3261132395150615,0.10894101804000107,0.6841966200108621,0.21579443008733745
68,72,51,1581.532516778684,1213.150272339262,27.796814507129145,9.679773856930389,0.12284520005478579,0.08381993911007492,0.2476191866923781,0.07616897720810499,0.5999416539482042,0.2001317274220612
69,73,51,200.70854299208696,284.91683181272174,9.815951384750067,4.638630989254283,0.119111661233154,0.14705707152792669,0.24172152695702573,0.1085961440650774,0.5714825987815857,0.25164541381185607
70,74,51,577.6044939826517,420.4361111205559,17.732098953396665,6.331188784709831,0.11511355572763611,0.09326779064650195,0.2501335106059617,0.09213727911471839,0.6466790764939552,0.22868721226197417
71,75,51,20924.633817784925,50517.28090290096,82.80201421999463,58.907304816677176,0.3479903274234019,1.351491575043134,0.27726587346371484,0.31090215588599546,0.8757289864268958,0.8814237824090464
72,76,51,2249.293144674862,1560.4614351705238,35.271775600956936,12.76550219540247,0.1823249668175099,0.14708247984382644,0.3165019128252478,0.11383591214722644,0.6367527550342036,0.22023781592544922
73,77,51,51441.41965379902,76345.02095582282,151.75878622017655,89.88081374845977,0.15090803590183163,0.18696057606088362,0.27088137701445936,0.12851867548498153,0.5738615405325797,0.24949264723545028
74,78,51,4957.6047147863055,6847.3209167052855,46.70777182485543,26.725550277678636,0.21676543471859952,0.3030285426681259,0.31382114162632063,0.1744301335762537,0.7001581706252753,0.4120650678911358
75,79,51,12329.945142558976,13398.253579488324,63.16407256032906,26.22369433118827,0.30249319561556276,0.2777561319503391,0.33836188853955734,0.11647480925704634,0.8657852306085474,0.2926804633815044
76,80,51,10321.686250574448,8558.060180389239,72.2444912031585,25.90832934161869,0.21400844130445928,0.2328201224260227,0.3242073634675905,0.13607300646232165,0.8345161173857895,0.3352192023371515
77,81,51,37943.2084533093,67302.306140875,114.39366809059592,104.41819493945377,0.37335436793692484,0.6451926634091664,0.36241673517460915,0.3233414803749021,3.421023802430022,3.1651476085977808
78,82,51,4655.173042895747,10752.130951133982,44.991931728288236,34.16873232162388,0.22461497705137612,0.34219941788601865,0.3283342054369403,0.19986905503824476,0.905682796941084,0.6744160286930069
79,83,51,25841.266373470717,32694.756799096413,56.41377374471403,49.661826395248156,0.4399671331436063,0.5250740977339304,0.23703722690469495,0.18209721876510276,1.1070438548557313,0.9026688621846968
80,84,51,7739.9882818109845,14005.296152514262,41.36939972522212,37.29814542157124,0.6952753611018553,0.8597630646795708,0.4231673983090064,0.2852139737412642,1.1136721840091781,0.7563363039353055
81,85,51,422.645476546942,866.9613022860998,10.576430334764368,9.644662268800788,0.2640809237080462,0.8452028946826959,0.23584109953805513,0.2746585474156131,1.1386705496731926,1.4605883723789899
82,86,51,112.07470994837144,158.7497418424175,6.592562596003215,3.2663521100481963,0.21650575904869565,0.29120375110029806,0.2895476464547363,0.14082614247644992,0.7929034554490856,0.3808778640117325
83,87,51,18323.742629107306,33653.9214655931,73.45002905527751,59.247194625587795,1.4106076365044595,7.554378935401873,0.3508866883668245,0.830296187114297,1.2705968282386368,1.9240135772524327
84,88,51,101596.90632659313,179473.32714545637,187.71797643923293,115.72857810603453,0.03255978827456049,0.04875559822877861,0.10978886244051597,0.05914593591639216,0.4738534168869841,0.26852106918573765
85,89,51,319166.85137101717,496218.4202939886,334.1267510208429,209.95824012269617,0.03768659370275689,0.053711393757586476,0.11778165297765358,0.06279361070765171,0.4903859493194842,0.2575070011970433
86,90,51,1705.816671221864,2451.0593477759903,20.771753830068253,16.316602548141706,0.05701252105463223,0.11257969433009497,0.11941173723807522,0.09273826684942585,0.5120566542826447,0.4094778868101914
87,91,51,89066.3712086397,244011.1667216505,164.07439115935682,143.8246097324699,0.021963654104254993,0.03792855962704941,0.09478261292565103,0.053709097041399013,0.4079394121380413,0.25129487898863695
88,92,51,419873.2563572304,505419.5123660126,331.0648588292739,197.74572114266638,0.18930498198332155,0.28959988817531845,0.21561113482012467,0.15283257992317034,0.5022823383995131,0.3619488557765942
89,93,51,126950.35596660539,171255.93232748724,234.96880834242876,126.94246265714537,0.02052300758933758,0.030909020341650637,0.09429960727107291,0.05312047855173684,0.4317811137320949,0.2368299354432961
90,94,51,58466.6335736443,96239.35284738828,144.71063359578451,106.90755644497389,0.024388887367083455,0.03446225586526117,0.09805326360990019,0.0614460252992402,0.4622269252351686,0.29079050283465335
91,95,51,25192.46028167126,31582.54691199276,91.27622350056966,58.19308337427766,0.07100493285585852,0.06519162359093898,0.162948267278718,0.07442794557987224,0.7397507890766742,0.34658362904849394
92,96,51,29183.39502910539,20640.61087528943,115.76809206195907,44.47125872121498,0.25921691997962837,0.49133084813280664,0.3109145637820749,0.20227012979208656,0.9563479826730841,0.6364692677289853
93,97,51,1666.3473558612898,1780.4538541899697,29.285404093125287,14.5652244727654,0.14305365523871252,0.18699947815835827,0.26609938693981544,0.15187408095336805,0.6213629380160687,0.3768641190599852
94,98,51,2690.010679955576,4715.086889604056,33.55841857311773,23.636279572251766,0.36789124663553985,0.5660337223932799,0.3943999111652374,0.257189677987607,1.2986179894092036,0.941657950366634
95,99,51,2030.8272548002356,3483.9875070533612,26.19630266638363,18.171482029106393,0.25412066159404667,0.38970294784310205,0.2911108521854176,0.1976029205898829,1.1586464944423414,0.7625459890733588
96,100,51,17304.288492838543,19713.517378860142,93.82776439891143,41.83661098461202,0.06960837637969092,0.07016504039424892,0.18992036844001098,0.07727059892924872,0.5644089065346063,0.24177803042784787
97,101,51,282.05787972842944,391.19274386776,11.797846027449065,5.49682961732516,0.04530255155016979,0.05500047145755343,0.15178247950240678,0.06304819337471372,0.4595951771034914,0.20655210699246554
98,102,51,332.2843424479167,219.1670717663033,13.87679116866168,4.466580926983991,0.0622941554323131,0.039561697571806664,0.19015232064560347,0.059786077015681824,0.5700614236149133,0.18574324632612269
99,103,51,56514.83537741268,103827.37994172177,144.62907069337135,108.83054592710846,0.2132250561524986,0.4988983010104475,0.2615068326978123,0.24182099647280816,1.2182657219031279,1.0738078344247615
100,104,51,2294.5609026142197,4282.474369096329,31.462758363461962,23.549660198613715,0.5510363767982698,0.5468301435828684,0.5292423498981139,0.24499686300738238,1.697397109340219,0.9808075366316061
101,105,51,13049.405046650008,28445.00626358872,48.95658992318546,52.36372424267726,0.24873264794986621,0.5510611510315018,0.21586652604096077,0.2317211366748267,0.5856563308659721,0.5981542379171421
102,107,51,1151.7842169649462,1947.0880417244903,14.282072826635604,15.498416258898976,0.28666190592372787,0.458604628615542,0.2232931396175249,0.235187574767837,1.2548154791196187,1.842648008251749
103,108,51,133.0937885209626,189.22302944336394,7.582401855319154,4.453893574709302,0.03484268210755259,0.04293633727394245,0.1243047671867352,0.06860553008050699,0.4953638300591824,0.2769146530748938
104,110,51,700.5268987019857,818.8227916410402,18.11607878815894,9.900141004702972,0.054628224915587435,0.06013302735811178,0.16206109611427083,0.08156478663854558,0.5803661872358883,0.3004698157588625
105,111,51,2900.4416059606215,3210.8383760692814,36.85296836553835,22.346906048041834,0.2211944699725684,0.22213617003934957,0.3353547553221385,0.1712491027538255,0.9697398613480961,0.499875336088384
106,112,51,54399.4561217065,53613.083540154985,154.46436152738684,84.43627706610965,0.2540872435943753,0.22105385917918258,0.33805140429267694,0.17224752965584364,1.1640393453485824,0.6518247974256424
107,114,51,30.457359068241775,119.87751761118253,1.5760801580606723,3.016876947607623,1.0252094502291442,3.419621746422788,0.39844792807365165,0.40177185272221394,1.2757684135553884,1.9495864592984613
108,115,51,1151.4257513027565,2366.7234673550456,18.745059324245826,21.17035514824351,2.431971351988157,11.896278105212465,0.7300569879658082,1.2243327638527122,2.9171366428627685,5.021374999013281
109,116,51,6270.771805108762,8878.590854798356,50.35968118555405,28.96772524306195,1.8584227701101232,7.890632833105094,0.6100885380132526,0.6486235959080394,1.9927279487544416,1.9775918138689252
110,118,51,150.84370691168542,202.14756694839048,8.036453602360744,5.3869860203835644,0.7035873198913702,0.8676447787546071,0.5524892881512642,0.3584787616070104,1.727532920884151,1.1455007033254472
111,119,51,106326.09620098039,120825.20589514416,222.1236561793907,133.46618042540126,0.31248873698652957,0.38693522700867605,0.383663123144823,0.20380997219894942,1.4648703780828738,0.7723484593305657
112,120,51,1306.19179056205,1934.790085047111,22.79403404161042,13.972018720561467,0.20856676031561458,0.30426297776283345,0.28852126148401525,0.1870833671399023,1.3167157693236482,0.8780128415326406
113,121,51,22.165441756154976,34.645974169666786,3.282588657210855,1.600309067766548,0.7516571457917783,0.6483786941249023,0.6250606681786331,0.25974370888889037,1.0316577273256637,0.537687711871863
114,122,51,46.4715163121913,69.81080295638989,3.8175830525510452,3.2744159820216114,0.922846507281065,1.1712743347841557,0.5739869843511021,0.3764659240046316,1.6939265885773827,1.2654019609036262
115,123,51,1547.969685124416,3254.0395143978035,22.392223881740197,18.347278120989696,0.05047790450500507,0.07924559922902481,0.1333300057871669,0.09337433562046914,0.7140593216115353,0.5105584753741664
116,124,51,7699.280341054879,25628.956840173963,33.322861559250775,45.335509474461254,0.08758917903098479,0.2798037859164758,0.11951100187120485,0.15029895285917347,0.6778201297217724,0.844369369794223
117,125,51,137.5721727282393,198.34377549359428,6.51886238303839,5.352250411115343,1.9057691370447476,4.95236430633277,0.6422532457931369,0.5624901238219776,1.4536447256219154,1.8765959341806722
118,126,51,14841.6986766142,22937.51677350137,70.50041849472943,49.76003460604926,0.1255029318306376,0.21741647695628363,0.19979824052721845,0.14662060674231225,0.9940837773622251,0.7238010551667013
119,128,51,474578.41988357843,456824.27310890896,497.8563995361328,225.2120301680911,0.14694040392835936,0.11248263351077914,0.28650500844506654,0.1062806652091922,0.8219425239983726,0.30771294935952215
120,129,51,5745.629564472273,6049.47005495793,45.287670397290995,24.347387259636605,0.1821657446025889,0.21568320366109453,0.25080706325231816,0.1476163900407149,0.9152335059993407,0.5357366564264554
121,130,51,6327.801665960574,7533.82474473112,45.224063920039754,32.870161855904854,0.3152346533869265,0.3812656102967482,0.3198760872816338,0.23686835131576484,1.4130326956510544,0.9979112534450825
122,131,51,225656.99816655178,189932.9219975794,342.2361868316052,158.06426158591245,0.23710496459663025,0.18360265878992454,0.3524862722877194,0.1565942662261423,0.995399088544004,0.4657418797763954
123,133,51,311091.0867800245,264568.715290173,405.7235741708793,165.55652342321784,0.22607986822578252,0.19510800810415813,0.3442790277448355,0.1494084012594805,0.9527533025133843,0.3789901990486539
124,134,51,5888.345418892654,6053.128452940957,46.15135297588274,23.20818425965679,0.09022327135408334,0.0905380847938836,0.18160728233702042,0.0887321018111236,0.5934384462295794,0.27214040511709015
125,135,51,112888.5811887255,77239.68160765617,244.49304917279412,73.29921805932167,0.05890262475712042,0.04617650003342872,0.17440658632446737,0.05906430108135567,0.5981219819947785,0.19145824823161264
126,136,51,1123.4489004097734,526.6744494883518,25.08462423436782,5.676453365715392,0.0474164438817431,0.03119970297059261,0.15982852350263035,0.048316796747160363,0.49224767147326004,0.13300769601425663
127,137,51,115.73925257664101,92.96760081134015,8.098099297168208,2.8574973110543316,0.06624542848736632,0.05371973457197856,0.19336829144580692,0.06964994657515992,0.6380865942029392,0.228129302368779
128,138,51,4491.392786362592,2904.0206717687893,49.397221808340035,16.74486891506119,0.09117730568144836,0.06021749212783679,0.2225191610700944,0.07638721865281228,0.792318090504291,0.271809654646851
129,139,51,1763.0761796539905,1459.7437902012932,29.51885705835679,10.768260348461089,0.08341565145654421,0.056091168866206735,0.2051946259304589,0.0637905403451478,0.7184308849129022,0.22734552074669898
130,140,51,1436.4448670031977,1674.6132690233885,26.094681038576013,13.270469408073577,0.04621460370482037,0.04106906524619872,0.1539142899507401,0.06416029162906493,0.525354458713064,0.23627522553916153
131,141,51,4040.975910261566,4191.355341630204,44.320094613467944,20.426714469326125,0.07635149034653224,0.0701392714369375,0.19539842243288078,0.08178294217833097,0.7113697937890595,0.30344295302712615
132,142,51,629.1970596687466,601.1971337066408,18.13216261770211,7.740246980655018,0.060486229141151496,0.05475911661482979,0.1762380281499788,0.07637555289310846,0.6184703684320637,0.27431598189275613
133,144,51,204.35406719469557,167.7777181673348,10.442752365972481,4.28251190270939,0.06509477464829151,0.046013228785871635,0.18777897917464667,0.07278684374874658,0.6616160209272423,0.2698352759996617
134,145,51,803.9120076497396,616.0285201349267,20.057845564449536,7.807330911144601,0.05641923496024866,0.040080467079879285,0.1699012777968949,0.06467801403658287,0.5961036325669756,0.22219792381549872
135,146,51,644.4425680304275,797.7170467275009,16.082468299889097,12.84197652610295,0.390993700691444,0.6745524268793432,0.40208617393292634,0.30907586519438723,0.9438887781956616,0.7381523254651772
136,147,51,51.59675128787172,43.916407073897425,5.275035470139747,2.0732753832727764,0.04642275540048585,0.02750703038702029,0.16185772652719535,0.05351696407682446,0.5368020388425565,0.16435212286172593
137,148,51,13966.915670955883,13430.2894656728,85.84110117893593,39.21135626638064,0.07633770029882297,0.06416709218284412,0.20439001494178585,0.08498754908661695,0.6985115373835844,0.2871413379085595
138,150,51,183661.6974954044,209605.29213708985,299.5850013284122,128.07227776670354,0.054891799211355986,0.06234489000064827,0.1639720334434042,0.07075826942243867,0.5978518777033862,0.2533424953839984
139,151,51,18379.875426049326,26402.349646150447,90.40305795856551,47.44106940428208,0.07342275512158214,0.08428301202932384,0.18148868684383,0.08301161810525556,0.6957643895464785,0.32721645595441834
140,152,51,5715.6491244447,8321.252545786941,52.8772928574506,30.27770005248044,0.08065295239508737,0.09146380807624346,0.207662459535926,0.10497891551454758,0.8402614301326228,0.39590283927656555
141,153,51,579068.5109911152,900614.3860137955,473.2932659971948,291.3084063967126,0.09589699749816574,0.12783541040094842,0.20021712341729334,0.11449907189495982,0.7478115415456248,0.45194105101848164
142,154,51,31684.495351753983,27305.625978166823,126.04869146908031,54.477499219912396,0.1001081451335374,0.07915276032466496,0.2262735758341995,0.08982089034858143,0.8208086502318289,0.34091537302404695
143,155,51,30907920.475490198,28431418.88807593,3902.525771197151,1779.287997448406,0.05317430515024884,0.036570410196956636,0.16814479450969136,0.06027802765505588,0.5963975585558835,0.21683635037638554
144,156,51,2237.662294874004,1436.251264458461,34.61806781619203,10.865718799114873,0.05995473236429925,0.04425093981742707,0.17825591900185042,0.05762851929831187,0.6409595228877722,0.1947096591354319
145,157,51,9613.182357488893,10344.730889974655,67.89981681225346,38.220923529487266,0.09318780544780049,0.10915524931151334,0.21226481596628824,0.1173582824620495,0.7715722743202659,0.45190365444249453
146,158,51,24719.912487553614,39237.38238515641,98.282236922021,65.35498661459556,0.06818189185258805,0.08337550558449679,0.1739628157194923,0.0877068585156864,0.704482832960054,0.3711473603116295
147,159,51,40883.504499846815,68158.4552309833,140.96748187495214,81.49771620759667,0.04104210124077166,0.04932166826527059,0.14550920561248182,0.07121516669168734,0.5718877566795723,0.28389262721417985
148,160,51,8236.16370825674,10939.882543384647,61.75485495025036,32.013464375071244,0.0840922018476561,0.10067215171496749,0.2005585944827865,0.09693019753254259,0.6804602993469612,0.33775654974217917
149,161,51,3933.617456772748,4801.272116630129,43.63210887534946,23.33429122250534,0.05405832072902544,0.04734858628110411,0.16955201532326492,0.06668374466372287,0.6021474833581962,0.2572812835372316
150,162,51,19874.5091863894,21997.531935199688,101.62501914828431,51.274070943176724,0.0443362372872584,0.04484504200781963,0.15457813354099498,0.0710791614756021,0.5660021588498471,0.26384649654144604
151,163,51,54781.327751608456,63987.37924924669,160.93562780642043,91.28310484993148,0.05445265033117989,0.05294052109936912,0.1648560737570127,0.07558196368929285,0.661939997883404,0.3022209407197205
152,164,51,17152.757993211933,16577.61976054465,91.44680586048202,36.85970116429373,0.06261356249816862,0.06252007685699924,0.17482525029895352,0.07268072877716904,0.5629872888618824,0.22450310786892894
153,165,51,3736.112248439415,2640.0695616596818,45.27973650016037,15.834115389603019,0.05520499778874949,0.02858693663805128,0.1770574187531191,0.046132908027850784,0.6244121182198618,0.1755465734447287
154,166,51,67438.36278339461,55821.69415067077,186.17590137556488,74.8288840668575,0.05755528161192641,0.03876379495769246,0.1756674245584245,0.05638524548236724,0.6723786469768075,0.23045676241048166
155,167,51,2092775.4264705882,2383433.6027552933,1003.5267818675321,472.74881932432515,0.04504594708993739,0.04580165084935131,0.15069557331940708,0.0657785574454012,0.6105855843600105,0.25982869690017196
156,168,51,29148.46938189338,40631.11141626329,114.1829953661152,62.32598520603272,0.06588582734705187,0.07738657881339057,0.17221097487444972,0.09073549072678029,0.693940724812302,0.3605287358773801
157,169,51,27806.066559436276,32734.870849949704,120.02846347584443,63.523735472709305,0.05921661284040002,0.0670800497843333,0.17698740053410625,0.08872082014308956,0.6377209413285349,0.31915318289062306
158,170,51,2606.41450769761,2527.6062688982784,36.82610294865627,17.010856284425543,0.05479358490921703,0.04940766175050617,0.17018850951218137,0.06898671903997135,0.6593970539523106,0.26982067870417514
159,171,51,7423.098892511106,10483.84633580292,58.813194312301334,29.50746256862043,0.044480999584729765,0.06670614197280446,0.1433432373199977,0.06875760851236763,0.5811143254532534,0.281153030790125
160,172,51,76170.07125076593,83895.08020507965,194.47311880074295,96.8338133602764,0.07645603174380228,0.10550170419506881,0.1958123527321161,0.09778377040029068,0.7298078741513047,0.3575552514119281
161,173,51,12379.364643171722,12889.813405434903,75.74114522746964,38.354196267033245,0.042562077470196816,0.028380603974905976,0.1491659560478201,0.05351188310349416,0.5772304619644203,0.20899469180945027
162,174,51,7186.0119377585015,10609.422807217301,59.536269879808614,32.67174081957414,0.03710081623684542,0.03213363720192803,0.14354318095480695,0.057909738705250034,0.5618843781013115,0.2296830140511462
163,175,51,199274.2458639706,244782.1970497542,311.8625138226677,170.80947589984615,0.027554673784156786,0.028080000285103685,0.11924921644522864,0.055096117637595574,0.503723958251523,0.23434135121739608
164,176,51,4360.0598359949445,4223.022796653281,43.85477533527449,18.227927190943333,0.048921888895040636,0.03896336793385192,0.15143332864139594,0.058817900045992765,0.5730715896569046,0.21413120936633293
165,177,51,110102.49299172794,98829.73429641225,237.30163230148017,96.48421881108591,0.058712471623484995,0.050043661913224693,0.17377120563212564,0.06949771400924372,0.6437067155744515,0.24223702273427106
166,178,51,31726.343065448837,28408.250662387665,124.10332384296493,51.32570443502594,0.08704203758023533,0.09248479333743054,0.20349831652699732,0.09580387751184624,0.6564535761580748,0.28534769994733644
167,179,51,895620.2598039216,884916.8118823228,623.9442683201211,249.05497437056115,0.04029106998852655,0.029338912318930713,0.1378249134503159,0.042895704525746294,0.5407704897955352,0.17206692504695553
168,180,51,1878.284496232575,1409.7164318898763,31.3978899974449,11.167052860655604,0.04802977392340407,0.03765744806400057,0.15905356860043957,0.06148201139458774,0.5970988910572201,0.22257956544545182
169,181,51,65098.766007965685,94124.71587527049,176.13484386369294,94.24957222825348,0.03992296670855699,0.043733891338719175,0.14285008397464657,0.06530078117307253,0.6054414683112911,0.2735881169071697
170,183,51,6344.96863750383,5169.2215783631955,60.113892125148396,23.25776748674393,0.052504344624193275,0.036841598358336815,0.1733296998575622,0.06648182760693754,0.6520457408007454,0.240229740200419
171,184,51,22474.514763327206,37630.07980690179,100.93311137779087,67.07058095170493,0.1308442219708334,0.18316921743469408,0.2537333326889019,0.14529418792732923,0.9146348576919705,0.6374672897910277
172,185,51,5060.985747692632,4439.2824680668145,50.210180170395795,20.67093717881222,0.03850876330854554,0.0276701056340251,0.1418287913296737,0.049172228913086966,0.5358261109567156,0.18729096581106197
173,186,51,1713563.8149509805,1363413.171443951,933.2276000976562,407.5653332119532,0.03564526795354836,0.032423023039427026,0.13279487353329564,0.06634664938618594,0.5963703662741417,0.2918806936167891
174,187,51,33042.88169711244,38871.42275916099,128.43798738367417,69.06394709807309,0.03134445671229532,0.03456688865861275,0.12563254304376303,0.0638573429867822,0.5336590365451925,0.2772607800841093
175,188,51,1257.223192401961,1266.3938718300205,23.228245847365436,11.707647362226645,0.10948096303378835,0.09403457447735876,0.22233803000520258,0.09456234759662474,0.6838111421641182,0.3092110656460342
176,190,51,641.9012087653665,744.4225226296586,17.191106029585296,7.580407635173674,0.04318691068785448,0.03766249148500702,0.1455873582585185,0.054088417048474086,0.551236912315967,0.22473015981425262
177,191,51,1389.0977775723327,1261.089500130618,25.846207263422947,12.153512954629813,0.03521536024944747,0.02643711374718409,0.13360923433712885,0.052381610895692425,0.5098109651429981,0.1973321547976144
178,192,51,1053.4202105952245,1040.5850780881397,21.937867164611816,10.218801940991252,0.09323917221570131,0.08372356743511293,0.21010454992453256,0.09218311242915675,0.6713430957466948,0.31442643102927925
179,193,51,108726.48142616422,182020.35347824064,193.48414237826478,115.2568238561959,0.09817967614999004,0.11787563897490465,0.19867132180461697,0.09749112952755336,0.6123163448829277,0.30761759116192067
180,194,51,2239.5151693306716,2941.689145472502,31.506751191382314,16.371670238497405,0.0875008915523615,0.08909979599446154,0.204496399663827,0.08472711717840649,0.6667091565973619,0.30076390359709104
181,195,51,818.6298546884574,1091.8955625419073,18.803003311157227,9.431638773717351,0.08360893757758188,0.08632960976058572,0.1960072533464899,0.0822319850297272,0.7399039817791359,0.32928329682128926
182,196,51,14775.624042585785,14603.385173052662,85.05820210774739,36.89608503908599,0.11085395160697255,0.09390878036176475,0.23754244882102107,0.09698420543357154,0.7302623496336096,0.30881781894796995
183,197,51,1142.2844124588312,788.9740520743096,24.903663167766496,8.290297153613043,0.09342271977049463,0.08169483576120141,0.22266761607983532,0.08539475122645308,0.6814918138232886,0.21990625595404945
184,198,51,12829.02002431832,17327.936429429064,79.78307910993988,36.95088591433027,0.06441385107224479,0.06784700614488923,0.18377676971402823,0.07535534858413695,0.6453918230299857,0.29064696020805764
185,199,51,424041.97150735295,390770.0166375688,466.15940647499235,197.62399428853445,0.056450688042769245,0.04224252932694323,0.17252089024758807,0.0633076560403507,0.6261613830631855,0.24618356920820877
186,200,51,5231.902195350796,5919.848316779217,46.507693047616996,26.980117056562776,0.12996119428791253,0.15243070210243018,0.23150862110596077,0.12983706674037623,0.7785239488470788,0.43102659437665275
187,201,51,1758.8484114104626,1365.7274283931695,29.342349482517616,9.540144815419845,0.06689735735748328,0.054993624589211795,0.1807585555840941,0.06571942740530255,0.6174216223698036,0.21615328136586962
188,202,51,1981.718536975337,1336.317197788478,32.30231128019445,10.75817431440945,0.05799112370347276,0.029968814724915707,0.17874307579853954,0.049859686550443504,0.591023023222007,0.1762115799709705
189,203,51,3340.2280572629443,3161.414995552883,42.28346084145939,17.027200809701508,0.11063448547878686,0.09093824873281646,0.24545900874278126,0.08845650921158645,0.7757550168271158,0.2875064876513503
190,204,51,31595.823062672334,28331.33669887555,121.31958336923637,56.73770245869101,0.06726336120810433,0.05490384408069262,0.1791364793099609,0.07818831469161888,0.6095041843021617,0.2751356121120854
191,205,51,35936.422602634804,65759.70172952105,112.65801500806622,57.858506825045644,0.0689223743609938,0.07375606256861152,0.16978156990280338,0.06025056510683732,0.567432467843972,0.2235957266407015
192,206,51,1755.059388403799,1856.4777044158668,28.89752574995452,11.136725112261006,0.04438494114826123,0.04844341120637137,0.14503661616175784,0.057202964498495275,0.5329612166273827,0.21389699843741966
193,207,51,682.5855415942622,792.4772350190343,17.964573804069968,9.123265697137782,0.6620333262299206,3.9998017806150026,0.29744599847232595,0.5423607307105841,1.1214732860817629,2.990956320828706
194,208,51,491.41924839393766,602.0072002392352,15.72352315865311,7.512948245360342,0.04871952500851715,0.05234514972842954,0.15823091537344688,0.07144218638822213,0.5533436753001868,0.2541800586430449
195,209,51,440.2244488585229,382.0277696075879,14.801867167154947,6.186438923397561,0.06348017446112399,0.0574062223626293,0.17728175690361098,0.07708989187538752,0.5760736225866804,0.2562576400381228
196,210,51,3553.0822215360754,5567.461331872222,39.69494726143631,23.22439322222804,0.04601555140506403,0.07671764321008887,0.14164141682433148,0.08625318880260097,0.5515391584120545,0.32461470180388957
197,211,51,14502.329127891391,19078.30699055357,78.01196640613033,43.162318857119324,0.06791368966885641,0.08441331976928905,0.17136611657984116,0.08810257676036852,0.7129710491965798,0.3641965688371742
198,212,51,3493.8179046032474,3315.877059610171,41.868309020996094,14.48406710658177,0.041490194314689026,0.04023535462837731,0.14434286893582812,0.04807307433469619,0.5002872862067878,0.171232747454175
199,213,51,1497.9869372797948,1537.8451178411228,26.63949712117513,11.45239644617258,0.05590604506798234,0.05787318292469,0.16206034112210368,0.07432194692775863,0.5608560530578389,0.24967178730549638
200,214,51,1617.0810768277038,1372.2185925599415,28.925425435982497,11.828214748941821,0.06265763222586875,0.05755401951890109,0.1797543679382287,0.07526193586508301,0.5867201463848937,0.2607985773797695
201,215,51,1227.7416013829848,1497.1106201630994,25.066953247668696,11.675001942414076,0.060538715956842196,0.06731401230321697,0.17702988126114302,0.08067635073396323,0.6768649407461578,0.3274411635183774
202,216,51,1202.3764474906172,1203.0362778945248,25.14120298273423,10.595710473079123,0.08834677982125796,0.07620165977432304,0.21787261232441546,0.08613796331369745,0.6583799275697446,0.2640293831745533
203,217,51,2694.1906666475184,3734.131033081297,36.400021796133004,17.63965050029121,0.0443982360701935,0.04936303930149206,0.1500023210457727,0.06545271730413925,0.5486326679295185,0.25933493616647396
204,218,51,572.3656334970511,688.3223855692386,15.697019661174101,6.658348688597759,0.08640492568705596,0.11219837715354668,0.19219686426952773,0.0834009598418012,0.7004554867744446,0.2900559865113919
205,219,51,3197.9926733877146,4816.755149869782,37.46037722568886,22.829018689732465,0.10538459205817358,0.1795694919722637,0.21038574403991886,0.13547204743095473,0.6558216336895438,0.4221438860968793
206,220,51,5815.0629787071075,9420.556743446883,48.926639818677714,30.344062311268708,0.07222267338896499,0.09620837091519444,0.1785135650459458,0.09516263333502545,0.666576991478602,0.4097602838884869
207,221,51,2979.6251843022364,2371.149139729144,38.85814016005572,14.63745899892002,0.048145519003418145,0.037446090120678135,0.15707296469047957,0.057974170775596405,0.5689724058497185,0.205246365125577
208,222,51,2537.044081744026,1719.0354240312806,38.57004124510522,13.411726191928581,0.07636013517484945,0.05568505818600756,0.21026692261882857,0.07749272756915443,0.7055380624883315,0.2508333832932717
209,223,51,6243.800345626531,4479.001800976597,58.20458857218424,19.38080492657431,0.07989136334143433,0.06708357989467473,0.2060763253008618,0.07701905156692723,0.7235141928289451,0.24996537369774297
210,224,51,784.0904956892425,1036.5258111270423,18.068868300494024,11.903593917916792,0.09102990035898983,0.10849569144378138,0.19933408279629314,0.11953982806665539,0.8006665150032324,0.507365731592322
211,225,51,17532.09607771331,65767.63043345364,66.10502811506683,91.9071725090646,0.21817223747790443,0.7790304709328697,0.234016911510159,0.3166564013750281,0.9068288399892694,1.3457382488016587
212,226,51,53835.747979856,113073.68856299775,152.13211613075407,107.65659560520145,0.08223949957127664,0.18261957980866605,0.18678157601286383,0.13552035306946844,0.5759731905133116,0.3867562060903485
213,227,51,403.5554125916724,314.74736402609165,13.962226633932076,3.9550841136210124,0.053532437658777424,0.051250239361926936,0.1586617431512066,0.05197826953749059,0.5455851601619347,0.15751938223513956
214,228,51,1312.9794850068934,2105.136409078811,25.75806054881975,12.78827927340455,0.05780279683862247,0.08164185195962316,0.1730014962308547,0.08028748973940235,0.5554614990365272,0.2633626056153739
215,229,51,885.9708506266276,802.1141955563427,21.52813658994787,9.783875961744206,0.041658788426395726,0.037800759779735835,0.1479770650758463,0.06828350591478934,0.4871518533019459,0.2279826379602282
216,230,51,18051.40039541207,18517.27321942245,94.1893202089796,45.097595582645106,0.051665568413833775,0.047145420832639326,0.1622811238847527,0.06868499128304303,0.5451523714205798,0.2344560306517966
217,231,51,5734.6976629518995,3301.0070283982377,58.19703270407284,15.701190890961682,0.06322360900687236,0.03533776320560907,0.19351133149044186,0.05213691342442219,0.540931349291521,0.14205460692090635
218,232,51,1614.1026935577393,2507.1675757721337,24.29430844737034,16.98558838274761,0.08640430621830199,0.11233901029081278,0.18510056162873903,0.11526956417684091,0.6611167938978064,0.44248655907475504
219,233,51,267134.6096047794,248067.98886649398,373.3296033073874,168.05993678551008,0.039451925759660264,0.03277980475634231,0.14501928654955884,0.06004729335056618,0.5601292524267646,0.25246735497732126
220,234,51,602.9746566473269,1114.8521101650813,17.32010170057708,9.063660441654442,0.05059602312451484,0.05750151034119438,0.16555686543385187,0.0687169524681758,0.5898371671929079,0.2723142774915903
221,235,51,513.2420108832565,506.18453945341224,16.166045983632404,7.71471659991522,0.047281339773725645,0.04411490361052913,0.1555919396672763,0.0738043745928602,0.577415901948424,0.27046679491119835
222,236,51,9316413.92800245,8269354.011050226,2246.985117594401,970.7531992039461,0.07890990960375205,0.0695173443214923,0.20663043703226483,0.09167798900927293,0.591684087964834,0.27232095007625057
223,237,51,6691.212720683977,11881.450273687908,54.67485315659467,32.44602948787719,0.04134699557999186,0.05571225003156238,0.14032315608917498,0.06956148089180059,0.4641793235844257,0.260158028179882
224,238,51,863.637591792088,1349.6122832613269,19.78296173320097,11.439379925375968,0.08092384076878137,0.1212934745834932,0.1909450767379181,0.1138213611545565,0.5596988715377509,0.3181870475623984
225,239,51,593.0977085337919,513.4799476447679,17.743519446429083,7.083066477088343,0.0540021854069303,0.04976070623863791,0.1680658722625059,0.06946438085181676,0.526107586481992,0.22286825270596095
226,240,51,4155.395866842831,6567.873975653718,46.1975440605014,27.68872794581157,0.08162232082994546,0.10269607084907516,0.20777705048813538,0.11120547077997142,0.70369839609838,0.38679272548525173
227,241,51,483.929713529699,435.03262327890496,15.531736981635,6.571937249686788,0.06396070951778515,0.049058182756396604,0.18094930315718932,0.07055017492700293,0.5599300282842973,0.22670555009066753
228,242,51,537.1656190460803,441.62934602563183,16.783272500131645,6.612276843624165,0.03754966468641571,0.03109578621267148,0.1400740755831494,0.0567773884714582,0.47053630708479416,0.185926058893512
229,243,51,1278.7312245088465,2157.736529167782,24.264596359402525,14.707015449850948,0.048104991762004064,0.061370550341283366,0.1531998240480236,0.08082892716374956,0.6359724443332821,0.3577225971375342
230,244,51,1959.5470455394072,2275.2826231238696,30.862408899793436,13.910177926655592,0.06380183348322616,0.06654800538561123,0.17868661909711128,0.07435504885293605,0.5761992218447667,0.24247087721250601
231,246,51,102726.78224092371,287556.14073232043,163.6344856561399,148.6481615373119,0.14918395250524377,0.23193626846800436,0.243239386189802,0.13653884621621684,0.8098828371833352,0.5543060412751478
232,247,51,1679.417832916858,1807.2219807457961,28.085384144502527,13.495660363920285,0.1695257682426303,0.17928915205307647,0.28322354777186526,0.1325293281707156,0.9331710887890236,0.44090584160727836
233,248,51,5810.989943560432,4889.512968109203,53.044030021218695,21.576848817464498,0.10324615630887303,0.07100622563318454,0.23042667175040527,0.07311687141019634,0.6783989247153787,0.23159015389373452
234,249,51,605.2738958620557,324.4519909623469,18.2856201097077,5.2633642022420535,0.03826244236609223,0.023679127093943018,0.1440829197857894,0.046680293229029446,0.544654498497645,0.17152656795143265
235,250,51,29721.38963886336,52640.722895592065,113.50224775426528,55.79780977317165,0.06262775998124305,0.09657126258083544,0.16846801252926097,0.07733895084930219,0.5639341438517851,0.27882108095786057
236,251,51,9936.270766314337,7560.178389836374,72.54350407918294,29.27336812636969,0.11413038478178136,0.0880311104570399,0.24951508772723816,0.09535559910261387,0.7227328162567288,0.28829907295689583
237,252,51,587.5307428696576,704.0135174191156,16.534070837731456,7.861418467876059,0.06989673620053366,0.07227411047477748,0.18318694157927645,0.07959876378361758,0.5789189309466118,0.2826591814647163
238,254,51,44107.791819852944,32691.053712389537,156.06941836488014,52.53130936314939,0.05042442838277887,0.038332154650984544,0.16622339612713047,0.05777571179545629,0.5672153842215445,0.20160271897536075
239,255,51,32660.638920802696,79282.46665311712,114.44070823519837,76.11909554569266,0.22392955608665943,0.6783842980983648,0.28590499010740544,0.2181774777173262,0.8186427442466512,0.5768919483673411
240,256,51,1468.998372994217,1787.1160118672049,25.90550192664651,12.57310395404591,0.08518488339933694,0.10268072747672329,0.20282634844382605,0.08958658097528127,0.656975598896251,0.26865828704239814
241,257,51,791.8852907068589,518.194429561839,21.087480956432866,6.992456064507874,0.04382483504128223,0.026464593384326284,0.15746820659614078,0.04918012095145632,0.569506879530701,0.1835841656103479
242,258,51,1196.2453700046913,1339.8972952798786,23.630627632141113,12.746768526776219,0.07117763825454841,0.06852487258292675,0.1877750188988798,0.08927224737443819,0.5654245962699255,0.2885173281919069
243,259,51,1932.7629017549402,1493.6766514045257,31.69621817270915,11.537713174982878,0.07045055673841168,0.05938222909503427,0.18975039118645237,0.07097817342181206,0.6634040749540516,0.25373320508309305
244,260,51,549.3320894428329,584.1455694321463,15.791053061391793,7.804279907776265,0.07371405139565468,0.07151564781770979,0.18627514894686492,0.08403057957397787,0.6771085642132104,0.32429249534022453
245,261,51,572.5575307210287,502.6484295058974,17.827784687865016,7.3241248289971566,0.05241198373921946,0.039655523352140246,0.173045798990072,0.0662147058850523,0.6512616113120434,0.25639176054717283
246,262,51,38332.26229319853,36863.42120636914,138.65980036118452,66.00725628345093,0.03884507900140449,0.03720567035533106,0.14013931600778712,0.0675851621675902,0.5578839983425888,0.26557801459351704
247,263,51,4714.0003350949755,3949.638045061268,51.094504113290824,18.60402658212165,0.11285672114029818,0.0919223926731305,0.24971884766630098,0.09106240442745737,0.7041159903301912,0.2553040931310396
248,264,51,32997.19266046262,51275.96075487562,121.62318682203106,67.95805608807648,0.08236513184566124,0.10165527625084998,0.19844122070307826,0.09857730850393645,0.5712145946773828,0.31288109239482714
249,265,51,1330.2653410668468,1097.4276826050266,25.765843980452594,10.649147179251496,0.07771233324984125,0.08068532190233342,0.19364221233363246,0.08985373841232873,0.611987923582395,0.2354290858403135
250,266,51,15294.421051623774,16058.91186993039,84.53478719673905,37.286786678059684,0.060849600836780725,0.07027810457836953,0.16677063572056153,0.08109436593465465,0.6500192436517453,0.2923662551663888
251,267,51,3906.338872273763,3698.293919802831,44.64609541612513,21.57695404478837,0.04573065653333769,0.03954238009247452,0.1546111398321741,0.06814670036705503,0.5446308589741296,0.2515521229518109
252,268,51,55659.92543658088,51524.001390400816,170.28898231655944,72.4279595376029,0.04248939874563731,0.03428035620005472,0.15276529713004244,0.0550164676048165,0.5349318653929467,0.1813547565488017
253,269,51,323.6414848402435,313.6048163891163,12.936737789827234,5.734248521731387,0.04339230927985673,0.03809534774101037,0.1507862652925884,0.06552809937786847,0.46795852160921286,0.20124062335406243
254,270,51,7407.262834137561,6367.454024550406,65.601058660769,27.016994821587204,0.06654682255112658,0.07044887448955055,0.19223690383574543,0.09085991297311133,0.6343439595372069,0.2769041693507873
255,271,51,18907.021101409315,15102.448099365523,98.10577235502355,38.14166748884159,0.03576269862698574,0.0286054757609584,0.13542159252306996,0.05259500073420856,0.49794839936144214,0.1867083521598897
256,272,51,2353.2260554444556,2257.4467250036973,32.062363661971744,15.557673333889172,0.04927153328853641,0.04418874294807871,0.15155911993454485,0.07044876930831497,0.555858357572088,0.25982025596240677
257,273,51,385.42560592352174,241.15318319119078,14.828437206791897,4.790638008602737,0.03372242347355567,0.02300799746227595,0.13820633876557445,0.047378076424894874,0.4582171638806661,0.149418420419143
258,274,51,1002.9448029761221,2075.7431964208185,21.80225056292964,12.718998598693036,0.08921525795377937,0.13290611118870263,0.2114714211692997,0.11082339247136393,0.5658315437681535,0.306550964144838
259,275,51,941.0499273561963,692.6334031728272,21.672020687776453,7.716338849520152,0.058489553374694844,0.04820209957971008,0.16976812379617318,0.06359761040688187,0.5528282347847434,0.20754142492584146
260,276,51,369580.49356617645,291414.61420201906,439.7014701693666,157.20095366646885,0.07597033862097591,0.05798919619816404,0.20068689333457573,0.06993633782864252,0.6408569532282212,0.21629070748440934
261,277,51,5640.9190362668505,4033.86091967223,55.62567587459789,17.773519071852576,0.05405191010704227,0.03951592841390242,0.17179920553576714,0.05730453259229223,0.5306078476064345,0.17738044724686122
262,278,51,4704.881277046951,5301.673510237451,49.82583771499933,23.669913175770397,0.06020936987125406,0.06103904619095709,0.18080846906877032,0.07714324065331053,0.6168865298523623,0.26294446869222565
263,279,51,4954.665278416054,4296.2656575480505,51.42405715643191,19.43856174625759,0.05930020451983985,0.0569962943918226,0.17617793965573406,0.07161998087024844,0.6360102658178292,0.2569454225023764
264,280,51,24508.862208946077,25802.76686806628,112.61011071298637,51.29980895300291,0.05538521409399953,0.04842155280805306,0.1722217009348028,0.07091412807500523,0.6282735221526202,0.2706783785202439
265,281,51,109449.17970664828,115646.03692407119,231.11240850710402,99.28905624941666,0.04158341751306081,0.04693812989112662,0.14198174926580168,0.06621996945510353,0.5350054181089589,0.2395060672756545
266,282,51,2091.935225393258,1698.5269489547636,32.89117513918409,14.80731027378351,0.051917709175077285,0.042556778051961716,0.16387319170376835,0.07406888961369179,0.5365309314984902,0.24063609571596678
267,283,51,704.2019744573855,822.9535772695737,17.861491895189474,8.201072583895314,0.035571007925432684,0.033584666183618744,0.13193729812023686,0.04920113968192852,0.4783275597820095,0.1910393769065333
268,284,51,7974.070451325061,10180.842954042553,60.65499163608925,34.8428605580621,0.11256992822403417,0.12239982902659576,0.23162697606226978,0.11806885699016922,0.7912048609817729,0.4046564917893377
269,285,51,788.3814360674689,1138.4458950429764,17.951048598569983,10.992466822525756,0.05188676902987793,0.07965830975350834,0.14369504986440435,0.09206342465861583,0.5266968648807675,0.33679616470744184
270,286,51,1527.748727087881,1565.0466921955597,25.22328847062354,11.927274253062956,0.043161280571903084,0.03866292059957665,0.13625682211097548,0.060114200971913105,0.5603388857607748,0.23786637903629115
271,287,51,5962.414732315961,11563.750857361341,36.83420250462551,36.76984884522339,0.12519863244675683,0.18884387880004688,0.1937678132717516,0.13735580268849695,0.8016259754989662,0.6057817186657368
272,288,51,8824.647872027228,9366.78079655661,58.1247340370627,30.513311981714672,0.11959792394191027,0.10559553343327693,0.21973656716884352,0.1025375921776019,0.7949643190584931,0.408131502065416
273,289,51,13477.7079001034,25058.137443273776,66.97219650418151,38.30857082661599,0.0877219122542324,0.1370079017983986,0.17521151739592647,0.0890553448130453,0.6641254845787498,0.34531673593382467
274,290,51,3927872.8126531863,10575847.39394281,1061.3925464106542,1045.1488795787898,0.06593483611576113,0.1271963675730625,0.15172937534311237,0.11042162771090779,0.7051123836461235,0.564369005101996
275,291,51,4165.389197854434,4734.674537945857,40.106832317277494,20.162150827518552,0.04022019864607822,0.040203133117271785,0.126113701830892,0.06042859637680299,0.523932353830805,0.2495575495836353
276,292,51,87731.56387867648,95263.48262774598,194.1814811556947,90.85801250963077,0.020363321778930576,0.024039861817492722,0.09408224469014242,0.04419555541566987,0.4243527113222608,0.20125323957534672
277,293,51,21064.55626483992,47414.818605038396,81.5493314406451,62.36456553597763,0.048996566173930965,0.08119217404566655,0.13320909250600665,0.08171276305741995,0.5511044699187372,0.36626377964044016
278,294,51,8508.76237039005,10956.057567567574,52.802470861696726,35.22902509193424,0.03597851502983009,0.04112428363980286,0.11602724131708052,0.056166811505409385,0.466078753564872,0.24616160550492375
279,295,51,37461.657748353246,46721.66978253729,116.29832413617302,60.049538106157584,0.18363004327550822,0.15898087908273448,0.26364478994818297,0.11145043850841307,1.027777307173785,0.45783547362387267
280,296,51,468509.53936887253,634354.2638929867,397.84208080815336,217.81968660022585,0.043971763891807084,0.06137027001688786,0.11955893295360547,0.0665336897894125,0.5162192483743032,0.2790226327922254
281,297,51,12698.923313514859,19919.259750871424,63.32541665843889,37.05858651863295,0.05657801188656366,0.09568845524667291,0.1290803953420882,0.08265482376340114,0.5403957990746872,0.3318653339642954
282,299,51,3802.042850868375,6354.3065314273745,31.75360295351814,32.305804739974825,0.6513113796564878,1.0919101867953778,0.423314730034155,0.4117509601319314,1.2961257690308141,1.2181560274070282
283,300,51,18350.68511843214,17272.283263588677,83.15908484365426,37.98699705133399,0.10618892291962516,0.08939170756547438,0.20067115485960363,0.07841258434405182,0.667484690453492,0.2648276246327972
284,301,51,221115.4379787071,464372.6032174231,243.97494192684397,159.5783956539152,0.08248732461338389,0.19815863856127566,0.1402137430713457,0.10846020822687533,0.6443803824630439,0.5017672925085016
285,302,51,921971.1628370098,1133341.5314218334,576.8793430702359,334.60878612624384,0.07413380606757368,0.08652348997332215,0.1662608818242363,0.08598438531859404,0.6558065656937805,0.36422901742412145
286,303,51,24632.927745744295,41193.26190606463,87.8051212161195,67.61390244254135,0.278691707233734,0.3195499094674802,0.3031076388616188,0.17582446765518786,1.201456826691534,0.7008541913141664
287,304,51,17266.371459960938,14232.267902089703,89.64895469067143,36.700719089318824,0.03330221871261065,0.0259324049540305,0.12551293587859938,0.051859264215689795,0.4442082888939801,0.1806394302112691
288,305,51,14357.089761771407,19541.677460249677,66.46560462315877,44.71072883403574,0.10940313085858874,0.15203886409257095,0.18760763514129555,0.10932788925538589,0.8227163144186431,0.4720454072575124
289,306,51,49796.01627125459,95604.98933952155,131.8521905038871,78.7812906487804,0.01983715537889842,0.0301582081238613,0.08659910008895631,0.04594350863683204,0.402686301984039,0.21468054208378776
290,308,51,505575.6518841912,450414.15498337895,457.5652187571806,197.66385068226774,0.031449924857702614,0.027936323184921397,0.11286184944066346,0.0518227609100107,0.4925678153248394,0.20263636307897737
291,309,51,505895.7846966912,1293281.9850854704,372.9123632393631,358.98365959547976,0.11449843098628609,0.19868686407854388,0.19363784570904338,0.13816795547149416,0.7957310813899133,0.663714727751147
292,310,51,4696.176440856036,6912.8696590685295,37.5897988244599,29.35492830274264,0.2593909656393853,0.647176020593673,0.2505563238233912,0.25362074054651107,0.8229640506061853,0.9267094618071077
293,311,51,49499.603132659315,46054.60131680636,145.19257691327263,63.72655964029543,0.04012761319823125,0.05196615541855459,0.12991285353314644,0.059705253951611144,0.4929429467986612,0.19573434236374918
294,312,51,17135.367484298407,15692.296791992956,83.09755332797181,35.28851646699442,0.038069212268216204,0.03298431194896875,0.12481625232042051,0.05440241089717504,0.5035482379151326,0.2166293335474473
295,313,51,506731164.98039216,528200453.55219674,13844.752288219976,7702.49564277782,0.03718392699774282,0.03622560227180493,0.12549225628083827,0.052589042088063684,0.5289574575190451,0.22173245185454865
296,314,51,1002991.6674325981,973596.3683545295,643.5968992943857,287.12340412359003,0.02790965775356573,0.02276965878663725,0.10896804037631727,0.043161815516022564,0.4798445336374582,0.19017582333292762
297,315,51,5268772.111749387,8049616.923303741,1233.5195641611137,853.3085530495523,0.10931483190050166,0.2902598572876635,0.1646513742047782,0.15905347980147141,0.6770648579387104,0.5731296624163441
298,316,51,3418.5779037475586,5963.099146028926,29.931411051282694,29.031908637717876,0.07654199078131248,0.11938635159697537,0.1426976345041219,0.12767981568920606,0.706421911132102,0.6469799069264559
299,317,51,448.82804792067583,797.3579074154374,12.660434863146614,9.939939865696745,0.3573578315987891,0.47073750050791574,0.366543042309144,0.23904034091493961,0.9837869353154126,0.8478695689472999
300,318,51,32276.015388937558,40297.81272013799,125.28368203780231,65.85488367248684,0.1865266853003014,0.22180188261336536,0.3030503925082146,0.1522095716997617,0.6238129472031313,0.30647571114553557
301,319,51,5392.4772195255055,4495.626257816839,50.04080233854406,22.402686080551465,0.08387395734076991,0.0807879134720237,0.19362475861813508,0.09804898742208988,0.7766499233012106,0.3908213367308823
302,OT,51,35619.56827320772,37084.637813776506,137.11829473458084,70.73368855803488,0.16592838249954522,0.1410293564916975,0.3070215606221966,0.12862571963495012,1.1442839596785752,0.5076283483688221
