horizon,mse,std_mse,mae,std_mae,nmse,std_nmse,nmae,std_nmae,mase,std_mase
1,7.204959281343363,32.487562630574516,0.8219946836813902,2.5552463733828126,0.1617511756153071,0.2695352983839823,0.28036719823303896,0.2883494550597592,0.6618928379403093,0.7117053780457017
2,17.202000511430715,74.78585378389927,1.232671590951773,3.9601162676003447,0.25250557145605296,0.40280196288091313,0.3630745957533901,0.3473937395921402,0.8471193378552412,0.6725404187831097
3,1.248945025316341,6.911615617204612,0.37764563927283656,1.0518216553958313,0.16247451213916028,0.42432122142103684,0.24222609066279033,0.3221816778223131,0.5569433244870593,0.5108897145167973
4,10.523841118386303,59.279238413373676,0.9007040659586588,3.1165002173287846,0.14649834923740201,0.22031884676976157,0.28643689755923474,0.2538744801539856,0.7012446259076779,0.4902326377865254
5,6.626290233552796,39.46005063200211,0.6614165672889123,2.487733593546467,0.10815758952379931,0.24341283892367305,0.21259650831612256,0.2509189382452561,0.6018929126887367,0.6893426123991725
6,4.162530371556969,20.5518308807251,0.6795514424641927,1.9237308137318476,0.13255149446127878,0.17674856977370274,0.27547445223657024,0.23804478965289885,0.6859281509025141,0.5967951322005689
7,24.38418025683346,109.5658355280075,1.4005105923383663,4.735266652477056,0.38780040114952585,0.9169260823403389,0.3861738510253744,0.48853880058911847,0.9453162513673306,0.9247043949628247
8,18.343426206629,83.78077899958704,1.317837641789363,4.075135644091365,0.2707834649312038,0.5056492938479954,0.39464185011979097,0.33917735319133585,1.0722322527032633,1.0448921695388045
9,8.265454214657671,44.081286620459146,1.0201578873854418,2.687886185758513,0.7137757036305116,1.4876528819542316,0.5682202712990917,0.6252211024901395,1.7448313910609636,2.9529332256544056
10,1.1036460749854973,2.4850048183890032,0.6423156444842999,0.8313102148019246,0.6269959608746606,1.3017061530131657,0.5514064063400161,0.5682842045134239,1.767991179952589,3.110098470728727
11,3.700848957474824,13.871716220765752,0.8849711295885917,1.7081202993917406,0.8066561767418767,1.5939693552773773,0.6232874300808479,0.6466598442369068,1.9161183642080197,3.740647009899783
12,7.492984537797524,29.533579449543463,1.045206069946289,2.529926646190578,0.9039975241842492,2.537641031284218,0.5929884404299978,0.7432107492042807,2.0428562277020554,4.156648518702039
13,2.171727650039919,10.631648885628733,0.5924349075708634,1.3493511340965685,0.5609767846850818,1.4974180664711199,0.43597724266015947,0.6090161091662178,1.6676822404544323,3.8867068758769987
14,12.222269989434817,72.15172456421429,0.9832518161871494,3.3549195921694777,0.6435886711674706,1.5018357420464383,0.5326581765443851,0.5998866109196193,1.753270566654511,3.8547764725278215
15,6.299217717042596,25.87320625035483,0.9182341648982122,2.335821805886143,0.6609388620825671,1.9978571027275127,0.45169472824543333,0.67595171713285,1.7155037144055734,4.094262648472698
16,8.728222338425649,50.309190938088804,0.9020229241786859,2.8132857607307367,0.7161160433463581,1.7418061491789352,0.5281307272499618,0.6612064630012537,1.748433869654456,4.001354645530781
17,24.751324191432033,133.5661889099967,1.4823702298677885,4.749094942991747,0.7044753530704512,1.7628268409198689,0.5527649219983664,0.6316061307423766,1.8735810121855674,4.053564610396503
18,5.8092808069143365,22.876329632925305,0.9053628383538662,2.2337409896059537,0.6014603330790683,1.7725967107787441,0.46189130689853275,0.6229901625110837,1.6178132272683656,4.0838149000898545
19,23.86134295672841,142.08145087112158,1.312528805854993,4.705168483647332,0.741973614062049,1.7465138697459957,0.5671278201282407,0.6483360604796761,1.8935143178663192,4.085092258082781
20,26.262054075597778,140.71310499588935,1.6263688405354817,4.859730267829422,0.7753523195126782,1.761233863684119,0.6090283511110988,0.6359534465614346,2.175867996775569,4.1572555247354375
21,3.790228080263403,19.008372770278395,0.731804432013096,1.8040760681739925,0.6606386671900893,1.995821555660745,0.46907354969283543,0.6637836028585711,1.758565176900727,4.1170373479935645
22,10.642304073955389,50.3754895349505,1.080997809385642,3.0779453412225104,0.6964390352082359,1.9834366689695888,0.519308026915846,0.6532673367897504,1.846283507366211,4.063706772587195
23,1.1642098947513426,3.5106082337142333,0.5960976527287409,0.8993761544999569,1.006250797463337,2.4865156381606375,0.6214144061728476,0.7874610587077429,1.9792567338221347,4.194647383396644
24,7.8679326728892285,43.76887332228911,0.9266225863725711,2.6475088257764474,0.7772588018150227,1.8345719255493225,0.5285317509835108,0.705629495272209,1.8584691553424375,4.011236780499165
25,11.389018282248099,63.00917616483012,1.160285167205028,3.1690308192336567,0.7901295426085335,1.549613214809183,0.6396207064151381,0.617264031571207,2.045024707005956,3.906912846656526
26,10.397350705866792,59.19279019968433,1.0062424097305689,3.063466523300231,0.3550378716302079,0.6364690688728318,0.42799554250012034,0.4145572173441471,1.0459240893236337,0.9935053870903442
27,26.186006003088178,144.5797953456939,1.489717287895007,4.895584510272284,0.4260409365875276,0.7007613492582409,0.47819130767423373,0.44426794450852186,1.2021173042937732,0.9602194306180816
28,14.695473105510105,66.69401534028903,1.3166111677120893,3.6002789436591334,0.4345926802589224,0.7537040080489715,0.48741029324129415,0.4438737280713112,1.2341401272286208,1.006868823513587
29,19.036610354401674,96.9832069253142,1.3731221419114332,4.141394155057725,0.40185048182056254,0.6152277644286788,0.46247644771677027,0.43355048242367017,1.2190433560530296,1.2367285748575876
30,44.14668529165703,245.93356277461345,1.8274307250976562,6.388050008740172,0.5751772228514966,0.900628837919325,0.5495971253094001,0.5226090494691692,1.4131372754390423,1.4001520888392853
31,50.852642301703995,295.9251960880984,1.8240989782871344,6.89385987890533,0.5527884897769698,1.3712684131830915,0.505225256885378,0.5454685415349219,1.413989470507472,1.7288763197056354
32,29.4480293632182,175.6660722089629,1.338334205823067,5.258981977409616,0.7084707764361738,3.156680348744653,0.4372286558903467,0.7192370046346064,1.3045038162276914,2.1339417160345304
33,87.4547993484892,422.79969251996863,2.629127893692408,8.974546718890847,2.2497933361019933,10.311693695173277,0.7298901860420488,1.3103639582522768,1.9624497619594108,3.608690668785206
34,106.57832117920603,593.8019775432109,2.6155831263615537,9.986843785345204,1.8124022801530242,7.647613501412968,0.6526144286632561,1.1774959258435924,1.8239230348859938,3.1664274130188432
35,180.03222679442806,769.4300984660513,3.650009791056315,12.911609355150778,1.1222031110507213,2.0910925106342315,0.7467073023181934,0.7514195468219584,1.8853529033083947,2.012372844651457
36,130.38360440735153,603.0745916109132,3.1633149660550632,10.971647158162863,1.155082118071429,2.454606519102837,0.7345739851454989,0.7845273674620262,1.9810159353491588,2.084258932919707
37,138.62769748302375,623.149192467407,3.297781528570713,11.302757721039896,0.9980293848617492,1.4015086641919796,0.7471626150385978,0.6631571595022346,1.9965315029168358,1.808582784593928
38,109.3705745129749,582.5403609698944,2.8063379434438853,10.074474841992584,0.9434960343196275,1.5385655222543537,0.697110484712399,0.6764118599365411,1.756171071376556,1.5945065005434014
39,185.08542242046417,789.32419455059,3.7376011579464645,13.081122162080305,0.7308283604003148,1.2089098680920793,0.6375425446969576,0.5695330214900589,1.7314512580633163,1.6410119419388807
40,135.02792082135738,616.3376530075269,3.1790940211369443,11.176818981207326,0.7491503709919086,1.2303017144409687,0.5998492281143672,0.6239641560530489,1.6714456419054515,1.6078717374489016
41,173.9406386547075,742.3388010264568,3.59304569929074,12.689785801200799,0.7386360343139714,1.2001302344147258,0.6290928559998671,0.5855580442185773,1.6686828451660962,1.6313956971425747
42,310.2871948622935,1448.8427161378413,4.5048884856395235,17.029185682261268,0.6810898651762191,1.2350192318948745,0.5621918374194931,0.6041772990926542,1.601820012124685,2.0136000182353757
43,208.05168413381668,894.2635122707738,3.9057991321270285,13.885114849829021,0.8752288723415941,1.5162258826537447,0.6619783754920204,0.6610699580977014,1.6592645028797097,1.6269606792127764
44,210.280939334323,908.4185236529938,3.979539284339318,13.944325349337301,0.7474893909550772,1.0737366006344315,0.6613521198742092,0.5568687119388562,1.817624962506577,1.7512454186760535
45,182.44943238603352,778.7773296611821,3.704701203566331,12.98940430916773,0.8475463249872123,1.222319049472411,0.6883168541945708,0.611364238546834,1.8687573328423195,1.7013187364215512
46,196.2563588065681,842.3102911327336,3.72886237120017,13.50377520724043,0.6475469481415647,1.1523495155982224,0.5809133361356381,0.556854246844061,1.7806186033174014,1.7463706931800094
47,304.73213207015493,1424.7594105918602,4.556777024880434,16.85134767786574,0.8744710472117422,1.2026818813913027,0.7207486335940373,0.5958124319996296,2.0148397981642914,2.084033399049611
48,296.89321896399804,1359.565180109774,4.783363978068034,16.553327513785376,1.0418859213235778,1.5277904382440803,0.7552788478011886,0.6866147202201349,2.1816503566045027,2.126095080721608
